{
  "project_info": {
    "project_number": "295542707394",
    "firebase_url": "https://adventureus-world.firebaseio.com",
    "project_id": "adventureus-world",
    "storage_bucket": "adventureus-world.appspot.com"
  },
  "client": [
    {
      "client_info": {
        "mobilesdk_app_id": "1:295542707394:android:342b19556998975d09575b",
        "android_client_info": {
          "package_name": "com.adventureus.adventureus"
        }
      },
      "oauth_client": [
        {
          "client_id": "295542707394-39ifk3aokiuk14ri55ilvcdf1qqk67f5.apps.googleusercontent.com",
          "client_type": 1,
          "android_info": {
            "package_name": "com.adventureus.adventureus",
            "certificate_hash": "fbb0afe65f6905ad96526037faf20afa8aa10350"
          }
        },
        {
          "client_id": "295542707394-ap0l4gdep6viljidbchk6tgbhniu2hso.apps.googleusercontent.com",
          "client_type": 1,
          "android_info": {
            "package_name": "com.adventureus.adventureus",
            "certificate_hash": "29378a9b86b7b5115a2e7e99bfd067d0433104e5"
          }
        },
        {
          "client_id": "295542707394-tbi1pqadm0an53o2mdt4ea4hltmoml7u.apps.googleusercontent.com",
          "client_type": 1,
          "android_info": {
            "package_name": "com.adventureus.adventureus",
            "certificate_hash": "89c0c27d991a0bddc2d65f2bc40dd02231857e70"
          }
        },
        {
          "client_id": "295542707394-bcpk1s6eq2s4kmafic6oej0o4g4u2ktm.apps.googleusercontent.com",
          "client_type": 3
        }
      ],
      "api_key": [
        {
          "current_key": "AIzaSyCiV6DliXyU4obmyujrod50y9_Vf0PSt1M"
        }
      ],
      "services": {
        "appinvite_service": {
          "other_platform_oauth_client": [
            {
              "client_id": "295542707394-bcpk1s6eq2s4kmafic6oej0o4g4u2ktm.apps.googleusercontent.com",
              "client_type": 3
            }
          ]
        }
      }
    },
    {
      "client_info": {
        "mobilesdk_app_id": "1:295542707394:android:bab3addc8ea8b18f09575b",
        "android_client_info": {
          "package_name": "com.adventureus.backendtest"
        }
      },
      "oauth_client": [
        {
          "client_id": "295542707394-bcpk1s6eq2s4kmafic6oej0o4g4u2ktm.apps.googleusercontent.com",
          "client_type": 3
        }
      ],
      "api_key": [
        {
          "current_key": "AIzaSyCiV6DliXyU4obmyujrod50y9_Vf0PSt1M"
        }
      ],
      "services": {
        "appinvite_service": {
          "other_platform_oauth_client": [
            {
              "client_id": "295542707394-bcpk1s6eq2s4kmafic6oej0o4g4u2ktm.apps.googleusercontent.com",
              "client_type": 3
            }
          ]
        }
      }
    },
    {
      "client_info": {
        "mobilesdk_app_id": "1:295542707394:android:a4bccaeeafda27c509575b",
        "android_client_info": {
          "package_name": "com.google.firebase.example.fireeats"
        }
      },
      "oauth_client": [
        {
          "client_id": "295542707394-bcpk1s6eq2s4kmafic6oej0o4g4u2ktm.apps.googleusercontent.com",
          "client_type": 3
        }
      ],
      "api_key": [
        {
          "current_key": "AIzaSyCiV6DliXyU4obmyujrod50y9_Vf0PSt1M"
        }
      ],
      "services": {
        "appinvite_service": {
          "other_platform_oauth_client": [
            {
              "client_id": "295542707394-bcpk1s6eq2s4kmafic6oej0o4g4u2ktm.apps.googleusercontent.com",
              "client_type": 3
            }
          ]
        }
      }
    }
  ],
  "configuration_version": "1"
}